,name,fantasy_points
0,Le'Veon Bell,256.60
1,Todd Gurley II,319.30
2,Antonio Brown,211.74
3,David Johnson,7.00
4,Ezekiel Elliott,177.20
5,DeAndre Hopkins,213.80
6,Alvin Kamara,253.28
7,Odell Beckham Jr.,49.80
8,Julio Jones,163.90
9,Kareem Hunt,242.20
10,Saquon Barkley,0.00
11,Michael Thomas,154.50
12,Keenan Allen,182.20
13,Davante Adams,148.50
14,Melvin Gordon,230.10
15,A.J. Green,151.80
16,Dalvin Cook,54.40
17,Doug Baldwin,148.30
18,Mike Evans,132.10
19,Leonard Fournette,194.20
20,Rob Gronkowski,158.40
21,Devonta Freeman,164.20
22,Travis Kelce,151.50
23,LeSean McCoy,204.60
24,Adam Thielen,148.70
25,Tyreek Hill,179.36
26,Jerick McKinnon,139.58
27,Zach Ertz,128.40
28,Stefon Diggs,134.20
29,Christian McCaffrey,157.40
30,Jordan Howard,176.70
31,Alshon Jeffery,138.90
32,Kenyan Drake,116.18
33,Josh Gordon,39.50
34,Aaron Rodgers,135.60
35,Larry Fitzgerald,152.44
36,Demaryius Thomas,122.90
37,Amari Cooper,110.40
38,Golden Tate,133.42
39,T.Y. Hilton,118.60
40,Joe Mixon,111.30
41,JuJu Smith-Schuster,149.30
42,Russell Wilson,358.92
43,Tom Brady,303.88
44,Derrius Guice,0.00
45,Allen Robinson II,1.70
46,Alex Collins,150.00
47,Deshaun Watson,176.86
48,Jarvis Landry,151.04
49,Jay Ajayi,111.10
50,Rashaad Penny,0.00
51,Brandin Cooks,156.20
52,Evan Engram,109.60
53,Derrick Henry,124.00
54,Mark Ingram,220.00
55,Robert Woods,107.30
56,Marvin Jones Jr.,164.10
57,Dion Lewis,193.80
58,Lamar Miller,157.50
59,Drew Brees,270.56
60,Greg Olsen,25.10
61,Ronald Jones II,0.00
62,Michael Crabtree,113.80
63,Cam Newton,315.48
64,Sony Michel,0.00
65,Jimmy Graham,114.00
66,Tevin Coleman,140.70
67,Jimmy Garoppolo,91.90
68,Corey Davis,35.50
69,Rex Burkhead,100.48
70,Pierre Garcon,50.00
71,Carson Wentz,288.74
72,Jamison Crowder,101.14
73,Devin Funchess,132.00
74,Chris Hogan,75.60
75,Kirk Cousins,290.62
76,Aaron Jones,71.00
77,Marlon Mack,85.06
78,Will Fuller V,90.60
79,Matthew Stafford,283.64
80,Cooper Kupp,114.90
81,Chris Thompson,121.00
82,Kyle Rudolph,101.20
83,Royce Freeman,0.00
84,Delanie Walker,100.50
85,Emmanuel Sanders,67.42
86,Jared Goff,262.26
87,Tarik Cohen,131.34
88,Robby Anderson,137.00
89,Jordy Nelson,84.20
90,Sammy Watkins,107.30
91,C.J. Anderson,147.10
92,Marshawn Lynch,144.20
93,Carlos Hyde,174.80
94,Duke Johnson Jr.,142.78
95,Marquise Goodwin,112.60
96,Sterling Shepard,85.50
97,Trey Burton,56.80
98,DeVante Parker,73.00
99,Patrick Mahomes II,11.36
100,Isaiah Crowell,115.50
101,Nelson Agholor,131.50
102,Philip Rivers,280.40
103,Ben Roethlisberger,274.74
104,Dez Bryant,117.40
105,Matt Ryan,240.10
106,Julian Edelman,0.00
107,Jordan Reed,33.10
108,Bilal Powell,122.20
109,George Kittle,63.50
110,Kerryon Johnson,0.00
111,Theo Riddick,101.00
112,Jameis Winston,212.66
113,O.J. Howard,75.20
114,Kelvin Benjamin,87.20
115,DeSean Jackson,88.60
116,Dak Prescott,273.66
117,Rishard Matthews,103.20
118,Marqise Lee,92.42
119,Randall Cobb,93.40
120,Tyler Eifert,4.60
121,David Njoku,62.70
122,Jack Doyle,89.00
123,Nick Chubb,0.00
124,Jamaal Williams,117.80
125,Andrew Luck,0.00
126,Marcus Mariota,225.48
127,Kenny Stills,116.70
128,James White,78.00
129,Alex Smith,300.18
130,Eric Ebron,79.40
131,Cameron Brate,95.10
132,Cameron Meredith,0.00
133,Mohamed Sanu,107.34
134,Josh Doctson,84.80
135,Anthony Miller,0.00
136,Jordan Matthews,32.20
137,Ted Ginn Jr.,112.96
138,D.J. Moore,0.00
139,LeGarrette Blount,99.60
140,Corey Clement,84.36
141,Dede Westbrook,40.66
142,D'Onta Foreman,51.48
143,Ty Montgomery,68.60
144,Derek Carr,219.44
145,Tyler Lockett,126.74
146,Mitchell Trubisky,141.52
147,Charles Clay,67.80
148,Michael Gallup,0.00
149,Latavius Murray,142.50
150,Kenny Golladay,66.60
151,Devontae Booker,72.44
152,Jared Cook,78.80
153,Blake Bortles,262.68
154,DeMarco Murray,132.50
155,Corey Coleman,42.50
156,Tyrod Taylor,226.66
157,Case Keenum,244.88
158,Wayne Gallman,70.90
159,Austin Hooper,70.60
160,Eli Manning,200.32
161,Samaje Perine,88.42
162,Andy Dalton,222.70
163,Mike Williams,9.50
164,Peyton Barber,69.70
165,Austin Seferian-Jenkins,51.70
166,Doug Martin,67.00
167,Danny Amendola,87.78
168,Jonathan Stewart,109.20
169,Giovani Bernard,108.98
170,Benjamin Watson,76.20
171,Terrelle Pryor Sr.,30.00
172,Martavis Bryant,88.54
173,Frank Gore,144.60
174,Chris Carson,32.70
175,Ameer Abdullah,106.56
176,Mike Wallace,99.20
177,Paul Richardson Jr.,106.30
178,Donte Moncrief,51.10
179,Calvin Ridley,0.00
180,Mike Gesicki,0.00
181,Tyrell Williams,94.80
182,Courtland Sutton,0.00
183,Chris Godwin,58.50
184,Vance McDonald,24.80
185,Matt Breida,85.82
186,Austin Ekeler,83.30
187,Jermaine Kearse,111.00
188,Brice Butler,49.70
189,Allen Hurns,60.40
190,Spencer Ware,0.00
191,Ricky Seals-Jones,38.10
192,Dante Pettis,0.00
193,Robert Turbin,16.90
194,Christian Kirk,0.00
195,Ryan Tannehill,0.00
196,James Conner,14.40
197,Jesse James,55.20
198,Keelan Cole,91.84
199,Jordan Wilkins,0.00
200,Adam Shaheen,30.70
201,C.J. Fiedorowicz,12.70
202,Kevin White,0.60
203,Gerald Everett,35.70
204,Vernon Davis,78.80
205,Albert Wilson,74.72
206,Josh McCown,214.44
207,Quincy Enunwa,0.00
208,Zay Jones,43.60
209,AJ McCarron,2.64
210,Sam Bradford,26.98
211,John Brown,48.90
212,De'Angelo Henderson,13.26
213,Sam Darnold,0.00
214,Geronimo Allison,23.30
215,Joe Flacco,198.04
216,Jake Butt,0.00
217,Chris Ivory,63.70
218,Kenneth Dixon,0.00
219,John Ross,-0.80
220,Hayden Hurst,0.00
221,T.J. Yeldon,57.70
222,Rico Gathers,0.00
223,Mike Davis,37.10
224,Lamar Jackson,0.00
225,Jason Witten,84.00
226,Mike Gillislee,67.80
227,Zach Miller,35.60
228,Orleans Darkwa,118.70
229,Travis Benjamin,106.58
230,Tyler Kroft,82.40
231,Julius Thomas,56.80
232,Garrett Celek,57.60
233,Coby Fleener,41.50
234,Jeremy Maclin,62.00
235,Brandon LaFell,72.80
236,Javorius Allen,120.10
237,Antonio Gates,49.60
238,Rob Kelley,39.84
239,Ryan Griffin,23.80
240,Adrian Peterson,67.90
241,C.J. Beathard,94.80
242,Kendall Wright,67.40
243,Marcedes Lewis,63.80
244,Terrance West,26.10
245,Tavarres King,42.30
246,J.J. Nelson,64.50
247,Dontrelle Inman,40.30
248,Adam Humphries,69.66
249,Jaron Brown,71.70
250,Cole Beasley,56.16
251,Jermaine Gresham,44.20
252,Tion Green,29.90
253,Ed Dickson,49.70
254,Blaine Gabbert,67.64
255,Kenny Britt,37.60
256,Ryan Grant,81.30
257,Taylor Gabriel,48.70
258,A.J. Derby,34.84
259,Luke Willson,40.98
260,Rod Smith,74.20
261,Nick O'Leary,42.20
262,Terrance Williams,58.30
263,Seth DeValve,43.50
264,Bruce Ellington,48.58
265,Justin Hardy,40.10
266,Trevor Siemian,140.10
267,Stephen Anderson,40.20
268,Deonte Thompson,76.16
269,J.D. McKissic,63.30
270,Josh Bellamy,44.20
271,Jeff Heuerman,26.20
272,Brandon Marshall,15.40
273,Levine Toilolo,24.20
274,Darren Fells,36.10
275,Richard Rodgers,22.00
276,Eric Decker,63.18
277,Tyler Boyd,34.50
278,Logan Thomas,12.70
279,Virgil Green,25.10
280,Cordarrelle Patterson,76.52
281,Lance Kendricks,26.30
282,Dion Sims,24.00
283,Damiere Byrd,39.22
284,Tyler Higbee,35.50
285,Rhett Ellison,35.50
286,TJ Jones,53.98
287,Torrey Smith,55.06
288,Chris Conley,17.82
289,Seth Roberts,47.50
290,Alfred Morris,65.20
291,Jeremy Kerley,27.10
292,Trent Taylor,64.56
293,Brandon Coleman,50.40
294,Roger Lewis,53.60
295,Bennie Fowler,53.24
296,Dwayne Allen,14.60
297,Chris Moore,61.74
298,Demetrius Harris,28.40
299,Cody Latimer,50.30
300,Chester Rogers,38.60
301,Eric Tomlinson,18.10
302,Matt Jones,1.40
303,Ryan Fitzpatrick,76.92
304,Austin Traylor,10.00
305,Erik Swoope,0.00
306,Jonnu Smith,27.70
307,Will Tye,3.80
308,Anthony Fasano,16.70
309,Mychal Rivera,0.00
310,Luke Stocker,9.00
311,James Hanna,14.80
312,Nick Vannett,18.40
313,Wendell Smallwood,37.42
314,C.J. Uzomah,15.20
315,Damien Williams,39.32
316,Joshua Perkins,0.00
317,Clive Walford,8.00
318,Troy Niklas,19.24
319,Jacoby Brissett,212.92
320,Jeremy Sprinkle,7.30
321,Jaeden Graham,0.00
322,Ryan Malleck,0.30
323,Christopher Herndon IV,0.00
324,Orson Charles,5.30
325,Jake Roh,0.00
326,Dejon Allen,0.00
327,Alec Bloom,0.00
328,Cole Hunt,0.00
329,Tyler Conklin,0.00
330,Josiah Price,0.00
331,Mo Alie-Cox,0.00
332,Christian Scotland-Williamson,0.00
333,Julian Allen,0.00
334,Marcus Lucas,0.00
335,Deon Yelder,0.00
336,Pharaoh Brown,0.00
337,Tim Semisch,0.00
338,Jordan Leggett,0.00
339,Ian Thomas,0.00
340,Clayton Wilson,0.00
341,Devon Cajuste,0.00
342,Moritz Boehringer,0.00
343,Henry Krieger-Coble,0.00
344,Dallas Goedert,0.00
345,David Wells,0.00
346,Garrett Hudson,0.00
347,Billy Brown,0.00
348,Brandon Barnes,0.00
349,Ryan Smith,0.00
350,Jordan Akins,0.00
351,Marcus Baugh,0.00
352,Robert Tonyan,0.00
353,Keith Towbridge,0.00
354,David Grinnage,0.00
355,Eric Saubert,0.00
356,Braedon Bowman,0.00
357,Anthony Kukwa,0.00
358,Will Dissly,0.00
359,James Winchester,0.00
360,Kevin McDermott,0.00
361,Mark Andrews,0.00
362,Bucky Hodges,0.00
363,Jason Croom,0.00
364,Chris Gragg,0.00
365,Garrett Dickerson,0.00
366,Jeff Cumberland,0.20
367,Kevin Rader,0.00
368,Wes Saxton,0.00
369,Tyler Ott,0.00
370,Ben Johnson,0.00
371,Dalton Schultz,0.00
372,Stephen Baggett,0.00
373,Emanuel Byrd,3.10
374,Gabe Holmes,0.00
375,Ryan Izzo,0.00
376,Chris Bazile,0.00
377,Adam Zaruba,0.00
378,Jace Amaro,0.00
379,Hunter Henry,81.90
380,Bryce Williams,0.00
381,Tyrone Swoopes,0.00
382,Cole Hikutini,1.50
383,Blake Mack,0.00
384,Nate Wozniak,0.00
385,Andrew Vollert,0.00
386,Matt LaCosse,0.00
387,Nick Keizer,0.00
388,Alex Gray,0.00
389,Brian Parker,0.00
390,Clay Harbor,0.00
391,Evan Baylis,0.00
392,Jake McGee,0.00
393,Cole Wick,0.00
394,Manasseh Garner,0.00
395,Jason Reese,0.00
396,Jason Vander Laan,0.00
397,Johnny Mundt,0.00
398,Pharoah McKever,0.00
399,Tyler Hoppes,0.00
400,Beau Sandland,0.00
401,Jevoni Robinson,0.00
402,Beau Brinkley,0.00
403,Garrett Griffin,1.32
404,Matt Lengel,0.00
405,Kyle Carter,0.00
406,Blake Jarwin,0.00
407,Khari Lee,0.00
408,Mason Schreck,0.00
409,DeAndre Goolsby,0.00
410,MyCole Pruitt,0.00
411,Troy Fumagalli,0.00
412,Kent Taylor,0.00
413,Chris Manhertz,1.70
414,Andrew DePaola,0.00
415,Antony Auclair,2.50
416,Ross Dwelley,0.00
417,Scott Simonson,0.00
418,Matt Flanagan,0.00
419,Ryan O'Malley,0.00
420,Troy Mangen,0.00
421,Tim Wright,0.00
422,Shane Wimann,0.00
423,Donnie Ernsberger,0.00
424,Ethan Wolf,0.00
425,Austin Roberts,0.00
426,Zach Conque,0.00
427,Durham Smythe,0.00
428,Thomas Duarte,0.00
429,Sean Culkin,0.00
430,Anthony Firkser,0.00
431,Temarrick Hemingway,0.00
432,Jordan Franks,0.00
433,Jordan Thomas,0.00
434,Patrick Scales,0.00
435,Paul Butler,0.00
436,Colin Thompson,0.00
437,Scott Orndoff,0.00
438,David Morgan,15.50
439,Brock Osweiler,72.92
440,Malcolm Mitchell,0.00
441,Alfred Blue,37.60
442,Daniel Brown,12.90
443,Louis Murphy,18.10
444,Matt Moore,46.34
445,Jalen Richard,68.90
446,Kerwynn Williams,76.42
447,Gavin Escobar,0.00
448,Neal Sterling,8.20
449,DeShone Kizer,197.66
450,Michael Hoomanawanui,11.20
451,Charcandrick West,47.68
452,Aldrick Robinson,38.00
453,Tre McBride,14.40
454,Josh Hill,13.70
455,Geoff Swaim,2.50
456,Christine Michael,0.00
457,Blake Bell,3.90
458,Andre Holmes,30.00
459,Brent Celek,19.72
460,Maxx Williams,13.20
461,Jarius Wright,31.80
462,Darren Sproles,11.80
463,Elijah McGuire,62.92
464,Xavier Grimble,9.20
465,Codey McElroy,0.00
466,Tajae Sharpe,0.00
467,Andre Ellington,48.40
468,Jay Cutler,171.84
469,DeAndre Washington,54.44
470,Jerell Adams,9.20
471,Alex Ellis,0.00
472,Maurice Harris,15.04
473,Logan Paulsen,0.00
474,Nick Boyle,22.30
475,Michael Campanaro,51.50
476,Randall Telfer,3.60
477,Kendrick Bourne,25.70
478,Kyle Nelson,0.00
479,Hakeem Valles,0.00
480,C.J. Prosise,11.00
481,Cobi Hamilton,0.80
482,Rashard Higgins,41.60
483,Harry Douglas,0.80
484,Johnny Holton,35.80
485,Phillip Dorsett,20.10
486,Jeremy Hill,13.20
487,Eddie Lacy,22.60
488,Jaylen Samuels,0.00
489,Tanner Hudson,0.00
490,Mack Hollins,28.60
491,Mose Frazier,0.00
492,Marcus Tucker,0.00
493,Rashawn Scott,0.00
494,Jordan Veasy,0.00
495,De'Mornay Pierson-El,0.00
496,DaeSean Hamilton,0.00
497,D.J. Chark Jr.,0.00
498,DeAngelo Yancey,0.00
499,Shelton Gibson,1.10
500,Steven Dunbar,0.00
501,Alonzo Russell,0.00
502,DeAndrew White,2.52
503,Mekale McKay,0.00
504,Vyncint Smith,0.00
505,Jake Kumerow,0.00
506,Brandon Zylstra,0.00
507,Trey Quinn,0.00
508,Andre Levrone,0.00
509,Anthony Mahoungou,0.00
510,Braxton Berrios,0.00
511,Austin Duke,0.00
512,Jalen Tolliver,0.00
513,Malcolm Lewis,0.00
514,Matt Hazel,0.10
515,Josh Crockett,0.00
516,Rasheed Bailey,0.00
517,Colby Pearson,0.00
518,Dylan Cantrell,0.00
519,Damore'ea Stringfellow,0.00
520,Justin Thomas,0.00
521,Lance Lenoir,0.00
522,Detrich Clark,0.00
523,Quincy Adeboyejo,0.00
524,DeAndre Carter,0.00
525,Jester Weah,0.00
526,Shane Wynn,0.00
527,J.J. Jones,0.00
528,Drew Morgan,0.00
529,Bobo Wilson,8.60
530,David Moore,0.00
531,Zach Pascal,0.00
532,Justin Watson,0.00
533,Russell Gage,0.00
534,Janarion Grant,0.00
535,Deante Burton,0.00
536,Dontez Byrd,0.00
537,Jaleel Scott,0.00
538,River Cracraft,0.00
539,Seantavius Jones,0.00
540,James Washington,0.00
541,Jawill Davis,0.00
542,Cayleb Jones,0.00
543,Tevaun Smith,0.00
544,Devin Ross,0.00
545,Quincy Redmon,0.00
546,Brandon Shippen,0.00
547,Artavis Scott,0.00
548,Robert Davis,0.00
549,Cam Phillips,0.00
550,Marcell Ateman,0.00
551,Quadree Henderson,0.00
552,Armanti Foreman,0.00
553,Robert Foster,0.00
554,Kermit Whitfield,0.00
555,Trey Griffey,0.00
556,Shay Fields,0.00
557,Sergio Bailey II,0.00
558,Demarcus Ayers,0.00
559,Antonio Callaway,0.00
560,Saeed Blacknall,0.00
561,Montay Crockett,0.00
562,Isaiah Ford,0.00
563,Da'Mari Scott,0.00
564,Eldridge Massington,0.00
565,John Diarse,0.00
566,Dres Anderson,0.00
567,Garrett Johnson,0.00
568,Fred Brown,0.00
569,Amba Etta-Tawo,0.00
570,Paul Turner,0.00
571,Marcus Kemp,0.00
572,Austin Proehl,0.00
573,Ray-Ray McCloud III,0.00
574,Austin Carr,0.00
575,Darvin Kidsy,0.00
576,Richie James Jr.,0.00
577,K.J. Brent,0.00
578,Tim Wilson,0.00
579,Jordan Leslie,2.60
580,Allen Lazard,0.00
581,Greg Ward Jr.,0.00
582,Jeff Badet,0.00
583,Carlos Henderson,0.00
584,Jimmy Williams III,0.00
585,Jamaal Jones,0.00
586,Steve Ishmael,0.00
587,Thomas Sperbeck,0.00
588,Krishawn Hogan,-0.32
589,Devin Lucien,0.00
590,Nick Williams,3.00
591,Andy Jones,0.00
592,Tre'Quan Smith,0.00
593,Travin Dural,0.00
594,Josh Smith,0.00
595,Damoun Patterson,0.00
596,LaQuvionte Gonzalez,0.00
597,Davon Grayson,0.00
598,Rashard Davis,0.00
599,Shaq Roland,0.00
600,Darren Andrews,0.00
601,C.J. Duncan,0.00
602,Kenny Bell,0.00
603,Isaac Whitney,0.00
604,C.J. Board,0.00
605,Hunter Sharp,15.12
606,Korey Robertson,0.00
607,Brandon Powell,0.00
608,Carlton Agudosi,0.00
609,Fred Ross Jr.,0.00
610,Keon Hatcher,0.00
611,Stacy Coley,0.76
612,Jordan Lasley,0.00
613,Taj Williams,0.00
614,Gehrig Dieter,0.00
615,Keith Kirkwood,0.00
616,Ka'Raun White,0.00
617,Malachi Dupre,0.00
618,Cody Hollister,0.00
619,Keeon Johnson,0.00
620,Jaelon Acklin,0.00
621,Nelson Spruce,0.00
622,Deontay Burnett,0.00
623,Byron Pringle,0.00
624,Michael Clark,4.10
625,DeAndre Smelter,0.00
626,DeVier Posey,0.00
627,Keenan Reynolds,0.00
628,Christian Blake,0.00
629,Tim Patrick,0.00
630,Reggie Davis,0.00
631,Marquess Wilson,0.00
632,Dontez Ford,0.00
633,Max McCaffrey,0.40
634,Devin Fuller,0.00
635,Rashad Ross,0.00
636,Daniel Braverman,0.00
637,Devin Smith,0.00
638,Steven Mitchell Jr.,0.00
639,Derrick Willies,0.00
640,Marquis Bundy,0.00
641,Javon Wims,0.00
642,Jeremy Butler,0.00
643,Devonte Boyd,0.00
644,Brandon Reilly,0.00
645,Malik Earl,0.00
646,Cyril Grayson Jr.,0.00
647,Equanimeous St. Brown,0.00
648,Elijah Marks,0.00
649,Brisly Estime,0.00
650,Greg Little,0.00
651,Erv Philips,0.00
652,Darius Jennings,0.00
653,Daurice Fountain,0.00
654,Chad Beebe,0.00
655,Canaan Severin,0.00
656,Mikah Holder,0.00
657,Dom Williams,0.00
658,Tevin Jones,0.00
659,J'Mon Moore,0.00
660,Evan Berry,0.00
661,Caleb Scott,0.00
662,Chris Lacy,0.00
663,Lamar Jordan,0.00
664,Simmie Cobbs Jr.,0.00
665,Elijaah Goins,0.00
666,K.D. Cannon,0.00
667,Kayaune Ross,0.00
668,Deontez Alexander,0.00
669,Jordan Smallwood,0.00
670,Damion Ratley,0.00
671,Justice Liggins,0.00
672,Cedrick Wilson,0.00
673,Darius Powe,1.30
674,Trent Sherfield,0.00
675,Corey Willis,0.00
676,Tim White,0.00
677,Kolby Listenbee,0.00
678,Andre Patton,0.00
679,Cameron Batson,0.00
680,Geremy Davis,0.00
681,Cam Sims,0.00
682,Riley McCarron,0.00
683,Dorren Miller,0.00
684,Lamar Atkins,0.00
685,Deon Cain,0.00
686,Matt Fleming,0.00
687,Devin Gray,0.00
688,Francis Owusu,0.00
689,Keke Coutee,0.00
690,Jonah Trinnaman,0.00
691,Marquez Valdes-Scantling,0.00
692,Jace Billingsley,0.00
693,Marchie Murdock,0.00
694,Auden Tate,0.00
695,Ricky Jeune,0.00
696,Jake Wieneke,0.00
697,Marlon Brown,0.00
698,Bug Howard,0.00
699,Teo Redding,0.00
700,Dan Arnold,0.00
701,Brandon Williams,12.10
702,Ben Koyack,5.80
703,Josh Huff,0.00
704,Jalin Marshall,0.00
705,Jacquizz Rodgers,48.00
706,Lee Smith,7.60
707,Thomas Rawls,23.10
708,Rod Streater,0.00
709,Tavon Austin,32.34
710,Jaelen Strong,9.80
711,Russell Shepard,30.70
712,Curtis Samuel,26.74
713,Jamaal Charles,44.50
714,Ricardo Louis,35.70
715,Willie Snead IV,7.92
716,James O'Shaughnessy,20.90
717,Charone Peake,0.30
718,Alan Cross,5.80
719,Phillip Supernaw,9.90
720,Jaydon Mickens,33.98
721,Brenton Bersin,12.80
722,Charles Johnson,0.00
723,Derek Carrier,8.74
724,Charles Sims,39.68
725,Taywan Taylor,33.40
726,Sean McGrath,4.60
727,Michael Roberts,4.60
728,Justin Hunter,8.30
729,Marvin Hall,12.00
730,Darrius Heyward-Bey,13.90
731,Braxton Miller,22.78
732,Travaris Cadet,21.50
733,James Wright,0.00
734,Niles Paul,11.68
735,Lucky Whitehead,0.00
736,Vince Mayle,7.92
737,Shane Vereen,48.54
738,Griff Whalen,2.38
739,Aaron Burbridge,0.00
740,Bradley Marquez,0.00
741,Kamryn Pettway,0.00
742,Khalfani Muhammad,0.00
743,Akrum Wadley,0.00
744,T.J. Logan,0.00
745,Phillip Lindsay,0.00
746,Johnny Stanton,0.00
747,Chris Ezeala,0.00
748,Keith Marshall,0.00
749,Martez Carter,0.00
750,Tim Cook,0.00
751,Bronson Hill,-0.20
752,Taquan Mizzell,0.00
753,John Kelly,0.00
754,George Winn,0.00
755,Joe Williams,0.00
756,Khalid Hill,0.00
757,Austin Johnson,0.00
758,Nyheim Hines,0.00
759,John Crockett,0.00
760,Chris Warren III,0.00
761,Shaun Wilson,0.00
762,Terrence Magee,0.00
763,Lenard Tillery,0.00
764,Ito Smith,0.00
765,Austin Ramesh,0.00
766,Mark Thompson,0.00
767,Mike Boone,0.00
768,Jeremy McNichols,0.00
769,Trenton Cannon,0.00
770,Josh Adams,0.00
771,Roc Thomas,0.00
772,Justin Jackson,0.00
773,Ryan Nall,0.00
774,Mack Brown,4.68
775,Larry Rose III,0.00
776,Brandon Wilds,0.00
777,Kyle Lewis,0.00
778,Jordan Chunn,0.00
779,Jarveon Williams,0.00
780,Boston Scott,0.00
781,Brandon Radcliff,0.00
782,Sam Rogers,0.00
783,Buddy Howell Jr.,0.00
784,Aaron Green,0.00
785,Keith Ford,0.00
786,Kalen Ballage,0.00
787,Mike James,0.00
788,Dalyn Dawkins,0.00
789,Malik Williams,0.00
790,Donnel Pumphrey,0.00
791,Elijah Wellman,0.00
792,Russell Hansbrough,0.00
793,James Summers,0.00
794,Robert Martin,0.00
795,Terry Swanson,0.00
796,Darius Jackson,0.00
797,Akeem Judd,0.00
798,Henry Poggi,0.00
799,Algernon Brown,0.00
800,Marquez Williams,0.00
801,Jarvion Franklin,0.00
802,Devante Mays,-1.90
803,Chase Edmonds,0.00
804,Marcus Murphy,5.52
805,Sherman Badie,0.00
806,Quinton Flowers,0.00
807,Luke McNitt,0.00
808,Ralph Webb,0.00
809,Reggie Bonnafon,0.00
810,Ray Lawry,0.00
811,Justin Crawford,0.00
812,Bo Scarbrough,0.00
813,Darrel Williams,0.00
814,Detrez Newsome,0.00
815,Alex Armah,0.00
816,Marcus Martin,0.00
817,Dontrell Hilliard,0.00
818,Tra Carson,0.00
819,Zach Olstad,0.00
820,Ryan Yurachek,0.00
821,Jeff Wilson,0.00
822,Elijah Hood,0.00
823,Trey Williams,0.00
824,Dalton Crossan,0.00
825,Justin Davis,0.10
826,Joel Bouagnon,0.00
827,Darius Victor,0.00
828,David Williams,0.00
829,Jalen Simmons,0.00
830,Mark Walton,0.00
831,Ricky Ortiz,0.00
832,Daniel Marx,0.00
833,De'Lance Turner,0.00
834,J.D. Moore,0.00
835,Dimitri Flowers,0.00
836,Nick Sharga,0.00
837,Lavon Coleman,0.00
838,Nick Bawden,0.00
839,Stevan Ridley,16.80
840,Demario Richard,0.00
841,Joe Kerridge,0.30
842,Anthony Manzo-Lewis,0.00
843,Gus Edwards,0.00
844,Nick Holley,0.00
845,Brian Quick,7.60
846,Rashad Greene Sr.,0.00
847,Jake Lampman,0.00
848,Darrell Daniels,2.60
849,Travis Rudolph,10.10
850,Ross Travis,7.60
851,Jacob Hollister,4.70
852,Kapri Bibbs,27.38
853,Josh Reynolds,16.40
854,Elijhaa Penny,28.20
855,MarQueis Gray,2.40
856,Corey Grant,58.06
857,Michael Floyd,7.80
858,Jakeem Grant,58.26
859,Leonte Carroo,6.90
860,Jordan Taylor,18.32
861,Demarcus Robinson,21.04
862,Sammie Coates,7.00
863,Freddie Martino,9.60
864,Kasen Williams,8.40
865,De'Anthony Thomas,39.70
866,Josh Malone,12.50
867,Malcolm Brown,35.90
868,Mike Tolbert,36.50
869,Lance Dunbar,11.20
870,Ryan Hewitt,2.20
871,Cethan Carter,0.00
872,Chad Williams,6.40
873,Jonathan Williams,0.00
874,Michael Thomas,9.90
875,Troymaine Pope,0.00
876,Chad Hansen,9.40
877,Kaelin Clay,23.24
878,Breshad Perriman,7.70
879,Kyle Juszczyk,36.60
880,Daniel Lasco II,0.00
881,Tanner McEvoy,8.30
882,Fitzgerald Toussaint,7.16
883,Malcolm Johnson,0.00
884,Cameron Artis-Payne,15.70
885,Ben Braunecker,0.00
886,Benny Cunningham,42.78
887,Cedric Peerman,0.00
888,Jalston Fowler,6.40
889,D.J. Foster,22.56
890,Laquon Treadwell,20.00
891,Kamar Aiken,13.30
892,Alex Erickson,61.24
893,ArDarius Stewart,17.82
894,Zach Zenner,11.08
895,Amara Darboh,7.10
896,Tanner Gentry,3.50
897,Paul Perkins,13.60
898,Clark Harris,0.00
899,Jamize Olawale,13.96
900,Bryce Treggs,7.46
901,Markus Wheaton,5.10
902,Tommylee Lewis,33.88
903,Tommy Bohanon,23.36
904,Chris Thompson,24.72
905,Brandon Tate,43.74
906,Brian Hill,7.30
907,Ryan Switzer,42.84
908,Byron Marshall,10.36
909,JoJo Natson Jr.,17.82
910,Noah Brown,3.30
911,Marcus Johnson,2.50
912,Pharoh Cooper,66.24
913,Brittan Golden,12.76
914,Jehu Chesson,4.40
915,Bernard Reedy,16.60
916,Trey Edmunds,13.40
917,Branden Oliver,10.90
918,Tre Madden,6.50
919,Brett Hundley,135.44
920,Anthony Sherman,14.98
921,Trevor Davis,48.14
922,Shane Smith,0.00
923,Cody Core,0.00
924,Victor Bolden Jr.,16.76
925,Dwayne Washington,7.04
926,Arrelious Benn,1.20
927,Jeff Janis,2.92
928,Kenjon Barner,34.66
929,Fozzy Whittaker,16.90
930,Quan Bray,24.70
931,Isaiah McKenzie,8.62
932,Andre Roberts,41.64
933,C.J. Ham,14.10
934,Drew Stanton,55.46
935,Kevin Hogan,38.78
936,Mike Glennon,38.72
937,Dwayne Harris,9.44
938,Eric Weems,1.82
939,Aaron Ripkowski,5.20
940,Lawrence Thomas,4.40
941,Matthew Slater,0.00
942,Roosevelt Nix,12.60
943,Andy Janovich,11.10
944,Senorise Perry,11.38
945,Zach Line,9.60
946,Tyler Ervin,11.12
947,Matthew Dayes,21.68
948,David Fluellen,2.10
949,Kalif Raymond,13.90
950,Derrick Coleman,2.80
951,Michael Burton,1.70
952,T.J. Yates,37.02
953,Terrell Watson,6.40
954,Raheem Mostert,4.32
955,Brandon Bolden,7.40
956,Robert Griffin III,0.00
957,Akeem Hunt,29.84
958,Derek Watt,5.90
959,Josh Ferguson,5.54
960,Jay Prosch,3.10
961,Patrick DiMarco,3.56
962,James Develin,3.80
963,Matt Barkley,0.00
964,Keith Smith,2.60
965,Danny Vitale,2.62
966,Taiwan Jones,3.10
967,Jordan Todman,3.36
968,Brian Hoyer,67.88
969,Cody Kessler,3.94
970,Baker Mayfield,0.00
971,Taysom Hill,0.00
972,Josh Allen,0.00
973,Garrett Gilbert,0.00
974,Austin Davis,-0.10
975,Stephen Morris,0.00
976,J.T. Barrett,0.00
977,Danny Etling,0.00
978,Alex McGough,0.00
979,Kyle Sloter,0.00
980,Josh Rosen,0.00
981,Chad Kelly,0.00
982,Mike White,0.00
983,Taylor Heinicke,0.60
984,Peter Pujals,0.00
985,Jeff Driskel,0.00
986,Tyler Bray,-2.00
987,Ryan Griffin,0.00
988,Chad Henne,-0.50
989,Chase Litton,0.00
990,Alek Torgersen,0.00
991,Kyle Lauletta,0.00
992,Cooper Rush,1.38
993,Kyle Allen,0.00
994,Geno Smith,9.68
995,Nick Stevens,0.00
996,Nic Shimonek,0.00
997,Joel Stave,0.00
998,Luke Falk,0.00
999,David Fales,20.40
1000,Mark Sanchez,0.00
1001,Cardale Jones,0.00
1002,Brad Kaaya,0.00
1003,Colt McCoy,0.00
1004,Nate Sudfeld,7.56
1005,Dalton Sturm,0.00
1006,Scott Tolzien,3.32
1007,Matt McGloin,0.00
1008,Josh Johnson,0.00
1009,Brandon Doughty,0.00
1010,Matt Schaub,0.00
1011,Brogan Roback,0.00
1012,Nick Mullens,0.00
1013,Paxton Lynch,17.80
1014,Alex Tanney,0.00
1015,Austin Allen,0.00
1016,Jake Rudock,-0.04
1017,Jack Heneghan,0.00
1018,Christian Hackenberg,0.00
1019,Kellen Clemens,-0.06
1020,Connor Cook,0.00
1021,Mason Rudolph,0.00
1022,Teddy Bridgewater,-1.30
1023,Garrett Grayson,0.00
1024,Joshua Dobbs,0.00
1025,Kurt Benkert,0.00
1026,Chase Daniel,-0.20
1027,Davis Webb,0.00
1028,Brandon Allen,0.00
1029,Tim Boyle,0.00
1030,Luis Perez,0.00
1031,Tanner Lee,0.00
1032,Phillip Walker,0.00
1033,Brandon Weeden,0.00
1034,Tyler Ferguson,0.00
1035,Joe Callahan,0.44
1036,Chad Kanoff,0.00
1037,Josh Woodrum,0.00
1038,Logan Woodside,0.00
1039,Tom Savage,56.68
1040,Derek Anderson,0.48
1041,Landry Jones,9.56
1042,Bryce Petty,28.26
1043,Matt Cassel,4.48
1044,EJ Manuel,15.10
1045,Ryan Mallett,9.94
1046,Nick Foles,35.78
1047,Nathan Peterman,15.38
1048,Sean Mannion,5.20
1049,Joe Webb III,5.80
